{"cameraMode":{"drawMode":0,"name":"Shaded","section":"Shading Mode"},"sceneLighting":true,"audioPlay":false,"sceneViewState":{"showFog":true,"showMaterialUpdate":false,"showSkybox":true,"showFlares":true,"showImageEffects":true,"showParticleSystems":true},"in2DMode":false,"pivot":{"x":663.3898315429688,"y":221.41262817382813,"z":254.435791015625},"rotation":{"x":0.008397202007472515,"y":0.0074997334741055969,"z":-0.00006185416714288294,"w":0.9999399185180664},"size":714.1578369140625,"orthographic":false}