{"cameraMode":{"drawMode":0,"name":"Shaded","section":"Shading Mode"},"sceneLighting":true,"audioPlay":false,"sceneViewState":{"showFog":true,"showMaterialUpdate":false,"showSkybox":true,"showFlares":true,"showImageEffects":true,"showParticleSystems":true},"in2DMode":false,"pivot":{"x":260.7043151855469,"y":12.070276260375977,"z":215.69158935546876},"rotation":{"x":-0.12668202817440034,"y":0.6405541300773621,"z":-0.10822977125644684,"w":-0.7496348023414612},"size":8.26132583618164,"orthographic":false}