{"cameraMode":{"drawMode":0,"name":"Shaded","section":"Shading Mode"},"sceneLighting":true,"audioPlay":false,"sceneViewState":{"showFog":true,"showMaterialUpdate":false,"showSkybox":true,"showFlares":true,"showImageEffects":true,"showParticleSystems":true},"in2DMode":false,"pivot":{"x":770.0486450195313,"y":257.3896484375,"z":261.27691650390627},"rotation":{"x":-0.003601620439440012,"y":-0.022497978061437608,"z":-0.00007991282473085448,"w":0.9997438788414002},"size":775.7503051757813,"orthographic":false}