{"cameraMode":{"drawMode":0,"name":"Shaded","section":"Shading Mode"},"sceneLighting":true,"audioPlay":false,"sceneViewState":{"showFog":true,"showMaterialUpdate":false,"showSkybox":true,"showFlares":true,"showImageEffects":true,"showParticleSystems":true},"in2DMode":false,"pivot":{"x":11.983538627624512,"y":-32.9407958984375,"z":68.62088775634766},"rotation":{"x":0.24572986364364625,"y":0.03052857704460621,"z":-0.007742004003375769,"w":0.9688302278518677},"size":106.46878814697266,"orthographic":false}